,GEOID10,BLKGRPID,TRACTID,STATEFP,COUNTYFP,TRACTCE,PUMA,REGION
649,261251620002,261251620002,26125162000,26,125,162000,2907,4
658,261251262002,261251262002,26125126200,26,125,126200,2901,4
659,261251264001,261251264001,26125126400,26,125,126400,2901,4
660,261251750002,261251750002,26125175000,26,125,175000,2908,4
661,261251417003,261251417003,26125141700,26,125,141700,2904,4
662,261251240001,261251240001,26125124000,26,125,124000,2901,4
728,261251540002,261251540002,26125154000,26,125,154000,2906,4
729,261251752004,261251752004,26125175200,26,125,175200,2908,4
730,261251605003,261251605003,26125160500,26,125,160500,2907,4
750,261251444001,261251444001,26125144400,26,125,144400,2904,4
751,261251562004,261251562004,26125156200,26,125,156200,2906,4
752,261251366001,261251366001,26125136600,26,125,136600,2905,4
753,261251710004,261251710004,26125171000,26,125,171000,2908,4
754,261251363001,261251363001,26125136300,26,125,136300,2905,4
755,261251608001,261251608001,26125160800,26,125,160800,2907,4
791,261251711003,261251711003,26125171100,26,125,171100,2908,4
793,261251979002,261251979002,26125197900,26,125,197900,2903,4
794,261251371001,261251371001,26125137100,26,125,137100,2905,4
795,261251453002,261251453002,26125145300,26,125,145300,2904,4
796,261251454004,261251454004,26125145400,26,125,145400,2904,4
797,261251561001,261251561001,26125156100,26,125,156100,2906,4
798,261251325001,261251325001,26125132500,26,125,132500,2901,4
799,261251327001,261251327001,26125132700,26,125,132700,2901,4
800,261251574001,261251574001,26125157400,26,125,157400,2906,4
801,261251831001,261251831001,26125183100,26,125,183100,2908,4
802,261251348002,261251348002,26125134800,26,125,134800,2905,4
803,261251964003,261251964003,26125196400,26,125,196400,2903,4
829,261251730001,261251730001,26125173000,26,125,173000,2908,4
830,261251501001,261251501001,26125150100,26,125,150100,2906,4
831,261251751001,261251751001,26125175100,26,125,175100,2908,4
845,261251973003,261251973003,26125197300,26,125,197300,2903,4
846,261251619002,261251619002,26125161900,26,125,161900,2907,4
878,261251392003,261251392003,26125139200,26,125,139200,2901,4
882,261251542001,261251542001,26125154200,26,125,154200,2906,4
883,261251931001,261251931001,26125193100,26,125,193100,2903,4
884,261251408002,261251408002,26125140800,26,125,140800,2904,4
885,261251813001,261251813001,26125181300,26,125,181300,2908,4
886,261251679001,261251679001,26125167900,26,125,167900,2907,4
887,261251345001,261251345001,26125134500,26,125,134500,2905,4
888,261251347002,261251347002,26125134700,26,125,134700,2905,4
889,261251347001,261251347001,26125134700,26,125,134700,2905,4
890,261251392002,261251392002,26125139200,26,125,139200,2901,4
891,261251224004,261251224004,26125122400,26,125,122400,2902,4
892,261251452003,261251452003,26125145200,26,125,145200,2904,4
893,261251610002,261251610002,26125161000,26,125,161000,2907,4
894,261251614003,261251614003,26125161400,26,125,161400,2907,4
902,261251222002,261251222002,26125122200,26,125,122200,2902,4
903,261251224001,261251224001,26125122400,26,125,122400,2902,4
904,261251203001,261251203001,26125120300,26,125,120300,2902,4
905,261251273001,261251273001,26125127300,26,125,127300,2902,4
906,261251965003,261251965003,26125196500,26,125,196500,2903,4
907,261251664001,261251664001,26125166400,26,125,166400,2907,4
908,261251960001,261251960001,26125196000,26,125,196000,2903,4
909,261251315001,261251315001,26125131500,26,125,131500,2901,4
910,261251710005,261251710005,26125171000,26,125,171000,2908,4
911,261251360001,261251360001,26125136000,26,125,136000,2905,4
912,261251365003,261251365003,26125136500,26,125,136500,2905,4
913,261251573002,261251573002,26125157300,26,125,157300,2906,4
914,261251455012,261251455012,26125145501,26,125,145501,2904,4
929,261251570001,261251570001,26125157000,26,125,157000,2906,4
974,261251715002,261251715002,26125171500,26,125,171500,2908,4
975,261251735002,261251735002,26125173500,26,125,173500,2908,4
976,261251801001,261251801001,26125180100,26,125,180100,2908,4
977,261251832003,261251832003,26125183200,26,125,183200,2908,4
1010,261251933004,261251933004,26125193300,26,125,193300,2903,4
1011,261251660001,261251660001,26125166000,26,125,166000,2907,4
1012,261251378002,261251378002,26125137800,26,125,137800,2905,4
1013,261251833001,261251833001,26125183300,26,125,183300,2908,4
1014,261251961003,261251961003,26125196100,26,125,196100,2903,4
1037,261251816005,261251816005,26125181600,26,125,181600,2908,4
1038,261251813005,261251813005,26125181300,26,125,181300,2908,4
1039,261251833003,261251833003,26125183300,26,125,183300,2908,4
1040,261251406001,261251406001,26125140600,26,125,140600,2904,4
1041,261251960004,261251960004,26125196000,26,125,196000,2903,4
1042,261251612002,261251612002,26125161200,26,125,161200,2907,4
1043,261251327002,261251327002,26125132700,26,125,132700,2901,4
1050,261251610001,261251610001,26125161000,26,125,161000,2907,4
1051,261251576002,261251576002,26125157600,26,125,157600,2906,4
1052,261251576003,261251576003,26125157600,26,125,157600,2906,4
1053,261251668002,261251668002,26125166800,26,125,166800,2907,4
1054,261251715001,261251715001,26125171500,26,125,171500,2908,4
1055,261251714005,261251714005,26125171400,26,125,171400,2908,4
1056,261251838002,261251838002,26125183800,26,125,183800,2908,4
1057,261251625004,261251625004,26125162500,26,125,162500,2907,4
1058,261251625001,261251625001,26125162500,26,125,162500,2907,4
1059,261251702001,261251702001,26125170200,26,125,170200,2908,4
1060,261251703002,261251703002,26125170300,26,125,170300,2908,4
1083,261251960003,261251960003,26125196000,26,125,196000,2903,4
1084,261251666003,261251666003,26125166600,26,125,166600,2907,4
1085,261251834002,261251834002,26125183400,26,125,183400,2908,4
1086,261251330032,261251330032,26125133003,26,125,133003,2905,4
1087,261251841004,261251841004,26125184100,26,125,184100,2908,4
1088,261251844001,261251844001,26125184400,26,125,184400,2908,4
1089,261251616002,261251616002,26125161600,26,125,161600,2907,4
1090,261251674002,261251674002,26125167400,26,125,167400,2907,4
1091,261251730003,261251730003,26125173000,26,125,173000,2908,4
1124,261251936001,261251936001,26125193600,26,125,193600,2903,4
1125,261251964002,261251964002,26125196400,26,125,196400,2903,4
1126,261251541002,261251541002,26125154100,26,125,154100,2906,4
1127,261251665002,261251665002,26125166500,26,125,166500,2907,4
1128,261251964001,261251964001,26125196400,26,125,196400,2903,4
1129,261251214001,261251214001,26125121400,26,125,121400,2902,4
1130,261251836002,261251836002,26125183600,26,125,183600,2908,4
1146,261251730002,261251730002,26125173000,26,125,173000,2908,4
1147,261251283003,261251283003,26125128300,26,125,128300,2902,4
1148,261251283002,261251283002,26125128300,26,125,128300,2902,4
1149,261251284002,261251284002,26125128400,26,125,128400,2902,4
1150,261251725001,261251725001,26125172500,26,125,172500,2908,4
1151,261251580003,261251580003,26125158000,26,125,158000,2906,4
1152,261251325002,261251325002,26125132500,26,125,132500,2901,4
1153,261251306002,261251306002,26125130600,26,125,130600,2901,4
1154,261251670003,261251670003,26125167000,26,125,167000,2907,4
1155,261251684002,261251684002,26125168400,26,125,168400,2907,4
1186,261251920001,261251920001,26125192000,26,125,192000,2903,4
1187,261251924002,261251924002,26125192400,26,125,192400,2903,4
1188,261251930003,261251930003,26125193000,26,125,193000,2903,4
1189,261251846003,261251846003,26125184600,26,125,184600,2908,4
1190,261251371003,261251371003,26125137100,26,125,137100,2905,4
1191,261251446001,261251446001,26125144600,26,125,144600,2904,4
1192,261251446002,261251446002,26125144600,26,125,144600,2904,4
1193,261251330021,261251330021,26125133002,26,125,133002,2905,4
1194,261251435005,261251435005,26125143500,26,125,143500,2904,4
1195,261251608003,261251608003,26125160800,26,125,160800,2907,4
1196,261251609002,261251609002,26125160900,26,125,160900,2907,4
1197,261251579002,261251579002,26125157900,26,125,157900,2906,4
1198,261251712001,261251712001,26125171200,26,125,171200,2908,4
1199,261251712002,261251712002,26125171200,26,125,171200,2908,4
1200,261251714004,261251714004,26125171400,26,125,171400,2908,4
1201,261251838003,261251838003,26125183800,26,125,183800,2908,4
1222,261251600006,261251600006,26125160000,26,125,160000,2907,4
1223,261251812005,261251812005,26125181200,26,125,181200,2908,4
1230,261251847001,261251847001,26125184700,26,125,184700,2908,4
1231,261251725002,261251725002,26125172500,26,125,172500,2908,4
1232,261251621001,261251621001,26125162100,26,125,162100,2907,4
1233,261251700002,261251700002,26125170000,26,125,170000,2908,4
1234,261251704001,261251704001,26125170400,26,125,170400,2908,4
1235,261251730005,261251730005,26125173000,26,125,173000,2908,4
1260,261251365001,261251365001,26125136500,26,125,136500,2905,4
1277,261251731002,261251731002,26125173100,26,125,173100,2908,4
1278,261251904001,261251904001,26125190400,26,125,190400,2902,4
1279,261251215003,261251215003,26125121500,26,125,121500,2902,4
1280,261251411001,261251411001,26125141100,26,125,141100,2904,4
1281,261251217003,261251217003,26125121700,26,125,121700,2902,4
1282,261251427003,261251427003,26125142700,26,125,142700,2904,4
1283,261251724002,261251724002,26125172400,26,125,172400,2908,4
1284,261251753004,261251753004,26125175300,26,125,175300,2908,4
1311,261251802001,261251802001,26125180200,26,125,180200,2908,4
1312,261251930001,261251930001,26125193000,26,125,193000,2903,4
1313,261251753003,261251753003,26125175300,26,125,175300,2908,4
1314,261251971002,261251971002,26125197100,26,125,197100,2903,4
1324,261251231002,261251231002,26125123100,26,125,123100,2901,4
1332,261251420002,261251420002,26125142000,26,125,142000,2904,4
1333,261251420001,261251420001,26125142000,26,125,142000,2904,4
1334,261251420003,261251420003,26125142000,26,125,142000,2904,4
1335,261251881001,261251881001,26125188100,26,125,188100,2908,4
1336,261251912001,261251912001,26125191200,26,125,191200,2903,4
1367,261251367001,261251367001,26125136700,26,125,136700,2905,4
1368,261251365002,261251365002,26125136500,26,125,136500,2905,4
1369,261251573003,261251573003,26125157300,26,125,157300,2906,4
1370,261251285001,261251285001,26125128500,26,125,128500,2902,4
1371,261251845001,261251845001,26125184500,26,125,184500,2908,4
1372,261251531002,261251531002,26125153100,26,125,153100,2906,4
1373,261251615001,261251615001,26125161500,26,125,161500,2907,4
1374,261251620001,261251620001,26125162000,26,125,162000,2907,4
1375,261251302003,261251302003,26125130200,26,125,130200,2901,4
1376,261251306003,261251306003,26125130600,26,125,130600,2901,4
1377,261251904003,261251904003,26125190400,26,125,190400,2902,4
1378,261251674003,261251674003,26125167400,26,125,167400,2907,4
1411,261251966001,261251966001,26125196600,26,125,196600,2903,4
1412,261251505002,261251505002,26125150500,26,125,150500,2906,4
1413,261251505001,261251505001,26125150500,26,125,150500,2906,4
1414,261251545002,261251545002,26125154500,26,125,154500,2906,4
1415,261251578002,261251578002,26125157800,26,125,157800,2906,4
1448,261251426004,261251426004,26125142600,26,125,142600,2904,4
1479,261251367003,261251367003,26125136700,26,125,136700,2905,4
1480,261251675001,261251675001,26125167500,26,125,167500,2907,4
1481,261251673004,261251673004,26125167300,26,125,167300,2907,4
1482,261251442001,261251442001,26125144200,26,125,144200,2904,4
1490,261251454003,261251454003,26125145400,26,125,145400,2904,4
1491,261251353002,261251353002,26125135300,26,125,135300,2905,4
1492,261251686001,261251686001,26125168600,26,125,168600,2907,4
1493,261251666001,261251666001,26125166600,26,125,166600,2907,4
1508,261251506001,261251506001,26125150600,26,125,150600,2906,4
1509,261251507003,261251507003,26125150700,26,125,150700,2906,4
1510,261251507001,261251507001,26125150700,26,125,150700,2906,4
1511,261251420004,261251420004,26125142000,26,125,142000,2904,4
1512,261251273002,261251273002,26125127300,26,125,127300,2902,4
1513,261251435002,261251435002,26125143500,26,125,143500,2904,4
1514,261251508001,261251508001,26125150800,26,125,150800,2906,4
1515,261251245004,261251245004,26125124500,26,125,124500,2901,4
1516,261251426002,261251426002,26125142600,26,125,142600,2904,4
1517,261251945001,261251945001,26125194500,26,125,194500,2903,4
1518,261251368003,261251368003,26125136800,26,125,136800,2905,4
1519,261251736001,261251736001,26125173600,26,125,173600,2908,4
1520,261251316001,261251316001,26125131600,26,125,131600,2901,4
1521,261251582001,261251582001,26125158200,26,125,158200,2906,4
1551,261251240004,261251240004,26125124000,26,125,124000,2901,4
1552,261251263002,261251263002,26125126300,26,125,126300,2901,4
1553,261251565002,261251565002,26125156500,26,125,156500,2906,4
1580,261251980002,261251980002,26125198000,26,125,198000,2903,4
1581,261251716001,261251716001,26125171600,26,125,171600,2908,4
1582,261251831004,261251831004,26125183100,26,125,183100,2908,4
1583,261251446003,261251446003,26125144600,26,125,144600,2904,4
1584,261251447011,261251447011,26125144701,26,125,144701,2904,4
1585,261251330022,261251330022,26125133002,26,125,133002,2905,4
1586,261251600004,261251600004,26125160000,26,125,160000,2907,4
1587,261251927002,261251927002,26125192700,26,125,192700,2903,4
1588,261251408001,261251408001,26125140800,26,125,140800,2904,4
1589,261251275004,261251275004,26125127500,26,125,127500,2902,4
1590,261251448001,261251448001,26125144800,26,125,144800,2904,4
1593,261251443003,261251443003,26125144300,26,125,144300,2904,4
1594,261251274001,261251274001,26125127400,26,125,127400,2902,4
1595,261251922002,261251922002,26125192200,26,125,192200,2903,4
1678,261251443001,261251443001,26125144300,26,125,144300,2904,4
1679,261251271002,261251271002,26125127100,26,125,127100,2902,4
1680,261251910001,261251910001,26125191000,26,125,191000,2903,4
1681,261251911001,261251911001,26125191100,26,125,191100,2903,4
1702,261251975001,261251975001,26125197500,26,125,197500,2903,4
1720,261251510002,261251510002,26125151000,26,125,151000,2906,4
1721,261251520002,261251520002,26125152000,26,125,152000,2906,4
1722,261251924004,261251924004,26125192400,26,125,192400,2903,4
1746,261251924001,261251924001,26125192400,26,125,192400,2903,4
1747,261251816002,261251816002,26125181600,26,125,181600,2908,4
1748,261251447012,261251447012,26125144701,26,125,144701,2904,4
1749,261251803003,261251803003,26125180300,26,125,180300,2908,4
1750,261251981001,261251981001,26125198100,26,125,198100,2903,4
1751,261251814001,261251814001,26125181400,26,125,181400,2908,4
1752,261251833004,261251833004,26125183300,26,125,183300,2908,4
1763,261251344003,261251344003,26125134400,26,125,134400,2905,4
1764,261251812004,261251812004,26125181200,26,125,181200,2908,4
1765,261251816003,261251816003,26125181600,26,125,181600,2908,4
1780,261251449002,261251449002,26125144900,26,125,144900,2904,4
1781,261251449004,261251449004,26125144900,26,125,144900,2904,4
1782,261251340004,261251340004,26125134000,26,125,134000,2905,4
1783,261251343002,261251343002,26125134300,26,125,134300,2905,4
1784,261251344002,261251344002,26125134400,26,125,134400,2905,4
1785,261251943002,261251943002,26125194300,26,125,194300,2903,4
1786,261251383022,261251383022,26125138302,26,125,138302,2901,4
1787,261251371002,261251371002,26125137100,26,125,137100,2905,4
1788,261251920002,261251920002,26125192000,26,125,192000,2903,4
1817,261251443002,261251443002,26125144300,26,125,144300,2904,4
1818,261251444002,261251444002,26125144400,26,125,144400,2904,4
1819,261251444003,261251444003,26125144400,26,125,144400,2904,4
1820,261251445001,261251445001,26125144500,26,125,144500,2904,4
1821,261251227002,261251227002,26125122700,26,125,122700,2902,4
1822,261251285003,261251285003,26125128500,26,125,128500,2902,4
1823,261251273003,261251273003,26125127300,26,125,127300,2902,4
1824,261251731001,261251731001,26125173100,26,125,173100,2908,4
1847,261251368002,261251368002,26125136800,26,125,136800,2905,4
1848,261251349003,261251349003,26125134900,26,125,134900,2905,4
1875,261251449003,261251449003,26125144900,26,125,144900,2904,4
1876,261251937002,261251937002,26125193700,26,125,193700,2903,4
1877,261251812003,261251812003,26125181200,26,125,181200,2908,4
1937,261251343003,261251343003,26125134300,26,125,134300,2905,4
1938,261251651003,261251651003,26125165100,26,125,165100,2907,4
1939,261251813002,261251813002,26125181300,26,125,181300,2908,4
1940,261251830001,261251830001,26125183000,26,125,183000,2908,4
1941,261251940002,261251940002,26125194000,26,125,194000,2903,4
1942,261251944002,261251944002,26125194400,26,125,194400,2903,4
1943,261251942002,261251942002,26125194200,26,125,194200,2903,4
1944,261251946001,261251946001,26125194600,26,125,194600,2903,4
1945,261251331001,261251331001,26125133100,26,125,133100,2905,4
1946,261251331003,261251331003,26125133100,26,125,133100,2905,4
1962,261251215002,261251215002,26125121500,26,125,121500,2902,4
1963,261251931003,261251931003,26125193100,26,125,193100,2903,4
1964,261251424004,261251424004,26125142400,26,125,142400,2904,4
1965,261251582004,261251582004,26125158200,26,125,158200,2906,4
1966,261251581003,261251581003,26125158100,26,125,158100,2906,4
1967,261251531003,261251531003,26125153100,26,125,153100,2906,4
1968,261251527002,261251527002,26125152700,26,125,152700,2906,4
1969,261251533002,261251533002,26125153300,26,125,153300,2906,4
1970,261251533003,261251533003,26125153300,26,125,153300,2906,4
1971,261251733001,261251733001,26125173300,26,125,173300,2908,4
1972,261251733002,261251733002,26125173300,26,125,173300,2908,4
1973,261251734001,261251734001,26125173400,26,125,173400,2908,4
1974,261251870001,261251870001,26125187000,26,125,187000,2908,4
1975,261251415002,261251415002,26125141500,26,125,141500,2904,4
1976,261251415003,261251415003,26125141500,26,125,141500,2904,4
1977,261251606001,261251606001,26125160600,26,125,160600,2907,4
1978,261251715003,261251715003,26125171500,26,125,171500,2908,4
1979,261251607002,261251607002,26125160700,26,125,160700,2907,4
1980,261251229001,261251229001,26125122900,26,125,122900,2902,4
1981,261251415005,261251415005,26125141500,26,125,141500,2904,4
1982,261251416006,261251416006,26125141600,26,125,141600,2904,4
1983,261251416003,261251416003,26125141600,26,125,141600,2904,4
1984,261251417001,261251417001,26125141700,26,125,141700,2904,4
1985,261251666002,261251666002,26125166600,26,125,166600,2907,4
1986,261251686004,261251686004,26125168600,26,125,168600,2907,4
1987,261251579001,261251579001,26125157900,26,125,157900,2906,4
1988,261251669001,261251669001,26125166900,26,125,166900,2907,4
1989,261251713001,261251713001,26125171300,26,125,171300,2908,4
1990,261251714003,261251714003,26125171400,26,125,171400,2908,4
1991,261251714001,261251714001,26125171400,26,125,171400,2908,4
1992,261251264002,261251264002,26125126400,26,125,126400,2901,4
1993,261251264003,261251264003,26125126400,26,125,126400,2901,4
1994,261251365004,261251365004,26125136500,26,125,136500,2905,4
1995,261251689003,261251689003,26125168900,26,125,168900,2907,4
1996,261251965004,261251965004,26125196500,26,125,196500,2903,4
1997,261251810001,261251810001,26125181000,26,125,181000,2908,4
2001,261251313002,261251313002,26125131300,26,125,131300,2901,4
2002,261251326003,261251326003,26125132600,26,125,132600,2901,4
2003,261251614002,261251614002,26125161400,26,125,161400,2907,4
2004,261251565001,261251565001,26125156500,26,125,156500,2906,4
2005,261251811002,261251811002,26125181100,26,125,181100,2908,4
2006,261251590003,261251590003,26125159000,26,125,159000,2906,4
2007,261251540001,261251540001,26125154000,26,125,154000,2906,4
2008,261251504001,261251504001,26125150400,26,125,150400,2906,4
2009,261251904002,261251904002,26125190400,26,125,190400,2902,4
2010,261251315002,261251315002,26125131500,26,125,131500,2901,4
2016,261251902001,261251902001,26125190200,26,125,190200,2902,4
2017,261251281001,261251281001,26125128100,26,125,128100,2902,4
2018,261251282002,261251282002,26125128200,26,125,128200,2902,4
2019,261251842005,261251842005,26125184200,26,125,184200,2908,4
2020,261251844002,261251844002,26125184400,26,125,184400,2908,4
2021,261251407002,261251407002,26125140700,26,125,140700,2904,4
2022,261251405002,261251405002,26125140500,26,125,140500,2904,4
2023,261251403021,261251403021,26125140302,26,125,140302,2904,4
2024,261251444004,261251444004,26125144400,26,125,144400,2904,4
2025,261251618001,261251618001,26125161800,26,125,161800,2907,4
2026,261251619001,261251619001,26125161900,26,125,161900,2907,4
2027,261251620003,261251620003,26125162000,26,125,162000,2907,4
2028,261251847002,261251847002,26125184700,26,125,184700,2908,4
2029,261251421002,261251421002,26125142100,26,125,142100,2904,4
2030,261251700001,261251700001,26125170000,26,125,170000,2908,4
2031,261251704004,261251704004,26125170400,26,125,170400,2908,4
2032,261251290001,261251290001,26125129000,26,125,129000,2902,4
2033,261251367002,261251367002,26125136700,26,125,136700,2905,4
2034,261251442004,261251442004,26125144200,26,125,144200,2904,4
2035,261251979001,261251979001,26125197900,26,125,197900,2903,4
2036,261251975002,261251975002,26125197500,26,125,197500,2903,4
2049,261251560002,261251560002,26125156000,26,125,156000,2906,4
2050,261251802003,261251802003,26125180200,26,125,180200,2908,4
2051,261251881002,261251881002,26125188100,26,125,188100,2908,4
2052,261251969001,261251969001,26125196900,26,125,196900,2903,4
2053,261251925001,261251925001,26125192500,26,125,192500,2903,4
2054,261251687002,261251687002,26125168700,26,125,168700,2907,4
2055,261251969002,261251969002,26125196900,26,125,196900,2903,4
2056,261251971001,261251971001,26125197100,26,125,197100,2903,4
2080,261251409001,261251409001,26125140900,26,125,140900,2904,4
2081,261251301001,261251301001,26125130100,26,125,130100,2901,4
2082,261251565003,261251565003,26125156500,26,125,156500,2906,4
2083,261251678001,261251678001,26125167800,26,125,167800,2907,4
2084,261251678002,261251678002,26125167800,26,125,167800,2907,4
2085,261251578003,261251578003,26125157800,26,125,157800,2906,4
2086,261251972001,261251972001,26125197200,26,125,197200,2903,4
2087,261251227001,261251227001,26125122700,26,125,122700,2902,4
2088,261251507002,261251507002,26125150700,26,125,150700,2906,4
2089,261251604002,261251604002,26125160400,26,125,160400,2907,4
2090,261251422001,261251422001,26125142200,26,125,142200,2904,4
2091,261251346002,261251346002,26125134600,26,125,134600,2905,4
2092,261251530001,261251530001,26125153000,26,125,153000,2906,4
2093,261251424001,261251424001,26125142400,26,125,142400,2904,4
2094,261251424002,261251424002,26125142400,26,125,142400,2904,4
2098,261251612003,261251612003,26125161200,26,125,161200,2907,4
2099,261251614001,261251614001,26125161400,26,125,161400,2907,4
2100,261251306001,261251306001,26125130600,26,125,130600,2901,4
2101,261251751006,261251751006,26125175100,26,125,175100,2908,4
2102,261251416005,261251416005,26125141600,26,125,141600,2904,4
2103,261251361022,261251361022,26125136102,26,125,136102,2905,4
2104,261251608002,261251608002,26125160800,26,125,160800,2907,4
2105,261251710002,261251710002,26125171000,26,125,171000,2908,4
2106,261251711001,261251711001,26125171100,26,125,171100,2908,4
2107,261251714002,261251714002,26125171400,26,125,171400,2908,4
2108,261251838004,261251838004,26125183800,26,125,183800,2908,4
2109,261251839002,261251839002,26125183900,26,125,183900,2908,4
2110,261251392005,261251392005,26125139200,26,125,139200,2901,4
2111,261251273004,261251273004,26125127300,26,125,127300,2902,4
2112,261251613002,261251613002,26125161300,26,125,161300,2907,4
2113,261251673003,261251673003,26125167300,26,125,167300,2907,4
2114,261251840001,261251840001,26125184000,26,125,184000,2908,4
2115,261251842001,261251842001,26125184200,26,125,184200,2908,4
2116,261251841003,261251841003,26125184100,26,125,184100,2908,4
2117,261251842004,261251842004,26125184200,26,125,184200,2908,4
2118,261251936002,261251936002,26125193600,26,125,193600,2903,4
2119,261251231001,261251231001,26125123100,26,125,123100,2901,4
2120,261251346001,261251346001,26125134600,26,125,134600,2905,4
2121,261251210002,261251210002,26125121000,26,125,121000,2902,4
2122,261251210001,261251210001,26125121000,26,125,121000,2902,4
2123,261251200001,261251200001,26125120000,26,125,120000,2902,4
2124,261251401001,261251401001,26125140100,26,125,140100,2904,4
2125,261251425002,261251425002,26125142500,26,125,142500,2904,4
2126,261251422004,261251422004,26125142200,26,125,142200,2904,4
2127,261251503004,261251503004,26125150300,26,125,150300,2906,4
2128,261251615002,261251615002,26125161500,26,125,161500,2907,4
2129,261251580004,261251580004,26125158000,26,125,158000,2906,4
2130,261251581001,261251581001,26125158100,26,125,158100,2906,4
2131,261251582002,261251582002,26125158200,26,125,158200,2906,4
2132,261251526002,261251526002,26125152600,26,125,152600,2906,4
2133,261251546002,261251546002,26125154600,26,125,154600,2906,4
2134,261251533001,261251533001,26125153300,26,125,153300,2906,4
2135,261251563001,261251563001,26125156300,26,125,156300,2906,4
2136,261251572001,261251572001,26125157200,26,125,157200,2906,4
2137,261251529001,261251529001,26125152900,26,125,152900,2906,4
2138,261251346003,261251346003,26125134600,26,125,134600,2905,4
2139,261251734006,261251734006,26125173400,26,125,173400,2908,4
2140,261251734005,261251734005,26125173400,26,125,173400,2908,4
2141,261251735001,261251735001,26125173500,26,125,173500,2908,4
2142,261251414004,261251414004,26125141400,26,125,141400,2904,4
2143,261251414001,261251414001,26125141400,26,125,141400,2904,4
2144,261251218002,261251218002,26125121800,26,125,121800,2902,4
2145,261251224003,261251224003,26125122400,26,125,122400,2902,4
2146,261251605002,261251605002,26125160500,26,125,160500,2907,4
2147,261251606003,261251606003,26125160600,26,125,160600,2907,4
2148,261251622001,261251622001,26125162200,26,125,162200,2907,4
2149,261251526001,261251526001,26125152600,26,125,152600,2906,4
2150,261251590001,261251590001,26125159000,26,125,159000,2906,4
2151,261251262001,261251262001,26125126200,26,125,126200,2901,4
2183,261251313001,261251313001,26125131300,26,125,131300,2901,4
2184,261251240002,261251240002,26125124000,26,125,124000,2901,4
2185,261251240003,261251240003,26125124000,26,125,124000,2901,4
2186,261251409004,261251409004,26125140900,26,125,140900,2904,4
2187,261251578001,261251578001,26125157800,26,125,157800,2906,4
2188,261251303001,261251303001,26125130300,26,125,130300,2901,4
2189,261251256001,261251256001,26125125600,26,125,125600,2901,4
2190,261251732003,261251732003,26125173200,26,125,173200,2908,4
2191,261251435001,261251435001,26125143500,26,125,143500,2904,4
2192,261251510005,261251510005,26125151000,26,125,151000,2906,4
2193,261251245001,261251245001,26125124500,26,125,124500,2901,4
2194,261251427004,261251427004,26125142700,26,125,142700,2904,4
2277,261251218001,261251218001,26125121800,26,125,121800,2902,4
2278,261251314001,261251314001,26125131400,26,125,131400,2901,4
2279,261251618003,261251618003,26125161800,26,125,161800,2907,4
2280,261251305001,261251305001,26125130500,26,125,130500,2901,4
2281,261251331002,261251331002,26125133100,26,125,133100,2905,4
2282,261251403011,261251403011,26125140301,26,125,140301,2904,4
2283,261251290003,261251290003,26125129000,26,125,129000,2902,4
2284,261251500003,261251500003,26125150000,26,125,150000,2906,4
2285,261251686003,261251686003,26125168600,26,125,168600,2907,4
2286,261251701001,261251701001,26125170100,26,125,170100,2908,4
2287,261251530002,261251530002,26125153000,26,125,153000,2906,4
2288,261251732001,261251732001,26125173200,26,125,173200,2908,4
2289,261251383021,261251383021,26125138302,26,125,138302,2901,4
2290,261251425001,261251425001,26125142500,26,125,142500,2904,4
2291,261251307003,261251307003,26125130700,26,125,130700,2901,4
2292,261251441004,261251441004,26125144100,26,125,144100,2904,4
2293,261251442002,261251442002,26125144200,26,125,144200,2904,4
2294,261251510003,261251510003,26125151000,26,125,151000,2906,4
2295,261251564001,261251564001,26125156400,26,125,156400,2906,4
2296,261251270003,261251270003,26125127000,26,125,127000,2902,4
2297,261251272001,261251272001,26125127200,26,125,127200,2902,4
2298,261251303002,261251303002,26125130300,26,125,130300,2901,4
2723,261251660002,261251660002,26125166000,26,125,166000,2907,4
2724,261251810003,261251810003,26125181000,26,125,181000,2908,4
2725,261251941002,261251941002,26125194100,26,125,194100,2903,4
2726,261251841001,261251841001,26125184100,26,125,184100,2908,4
2727,261251911002,261251911002,26125191100,26,125,191100,2903,4
2895,261251307001,261251307001,26125130700,26,125,130700,2901,4
2896,261251455011,261251455011,26125145501,26,125,145501,2904,4
2897,261251411002,261251411002,26125141100,26,125,141100,2904,4
2898,261251609003,261251609003,26125160900,26,125,160900,2907,4
2899,261251734002,261251734002,26125173400,26,125,173400,2908,4
2900,261251363004,261251363004,26125136300,26,125,136300,2905,4
2901,261251446004,261251446004,26125144600,26,125,144600,2904,4
2902,261251448002,261251448002,26125144800,26,125,144800,2904,4
2903,261251803002,261251803002,26125180300,26,125,180300,2908,4
2904,261251600003,261251600003,26125160000,26,125,160000,2907,4
2905,261251930002,261251930002,26125193000,26,125,193000,2903,4
2906,261251931002,261251931002,26125193100,26,125,193100,2903,4
2907,261251326001,261251326001,26125132600,26,125,132600,2901,4
2908,261251321003,261251321003,26125132100,26,125,132100,2901,4
2909,261251340001,261251340001,26125134000,26,125,134000,2905,4
2910,261251350001,261251350001,26125135000,26,125,135000,2905,4
2911,261251381002,261251381002,26125138100,26,125,138100,2901,4
2912,261251381001,261251381001,26125138100,26,125,138100,2901,4
2913,261251980001,261251980001,26125198000,26,125,198000,2903,4
2914,261251575001,261251575001,26125157500,26,125,157500,2906,4
2915,261251810002,261251810002,26125181000,26,125,181000,2908,4
2916,261251937001,261251937001,26125193700,26,125,193700,2903,4
2917,261251940001,261251940001,26125194000,26,125,194000,2903,4
2918,261251410004,261251410004,26125141000,26,125,141000,2904,4
2919,261251405001,261251405001,26125140500,26,125,140500,2904,4
2920,261251383011,261251383011,26125138301,26,125,138301,2901,4
2921,261251303003,261251303003,26125130300,26,125,130300,2901,4
2922,261251977012,261251977012,26125197701,26,125,197701,2903,4
2923,261251913001,261251913001,26125191300,26,125,191300,2903,4
2924,261251454002,261251454002,26125145400,26,125,145400,2904,4
2925,261251343001,261251343001,26125134300,26,125,134300,2905,4
2926,261251651001,261251651001,26125165100,26,125,165100,2907,4
2927,261251812001,261251812001,26125181200,26,125,181200,2908,4
2928,261251814002,261251814002,26125181400,26,125,181400,2908,4
2929,261251814003,261251814003,26125181400,26,125,181400,2908,4
2930,261251946002,261251946002,26125194600,26,125,194600,2903,4
2931,261251344001,261251344001,26125134400,26,125,134400,2905,4
2932,261251934001,261251934001,26125193400,26,125,193400,2903,4
2933,261251934002,261251934002,26125193400,26,125,193400,2903,4
2934,261251661002,261251661002,26125166100,26,125,166100,2907,4
2937,261251520001,261251520001,26125152000,26,125,152000,2906,4
2938,261251800001,261251800001,26125180000,26,125,180000,2908,4
2939,261251542003,261251542003,26125154200,26,125,154200,2906,4
2940,261251922003,261251922003,26125192200,26,125,192200,2903,4
2941,261251704003,261251704003,26125170400,26,125,170400,2908,4
2942,261251412002,261251412002,26125141200,26,125,141200,2904,4
2943,261251816004,261251816004,26125181600,26,125,181600,2908,4
2944,261251800002,261251800002,26125180000,26,125,180000,2908,4
2945,261251321002,261251321002,26125132100,26,125,132100,2901,4
2946,261251621002,261251621002,26125162100,26,125,162100,2907,4
2947,261251843001,261251843001,26125184300,26,125,184300,2908,4
2948,261251426005,261251426005,26125142600,26,125,142600,2904,4
2949,261251962002,261251962002,26125196200,26,125,196200,2903,4
2950,261251963001,261251963001,26125196300,26,125,196300,2903,4
2951,261251753005,261251753005,26125175300,26,125,175300,2908,4
2952,261251315003,261251315003,26125131500,26,125,131500,2901,4
2953,261251573001,261251573001,26125157300,26,125,157300,2906,4
2954,261251318003,261251318003,26125131800,26,125,131800,2901,4
2955,261251422002,261251422002,26125142200,26,125,142200,2904,4
2956,261251662001,261251662001,26125166200,26,125,166200,2907,4
2957,261251366004,261251366004,26125136600,26,125,136600,2905,4
2958,261251831002,261251831002,26125183100,26,125,183100,2908,4
2959,261251832002,261251832002,26125183200,26,125,183200,2908,4
2960,261251624001,261251624001,26125162400,26,125,162400,2907,4
2961,261251664002,261251664002,26125166400,26,125,166400,2907,4
2962,261251500005,261251500005,26125150000,26,125,150000,2906,4
2963,261251700003,261251700003,26125170000,26,125,170000,2908,4
2964,261251371004,261251371004,26125137100,26,125,137100,2905,4
2965,261251812002,261251812002,26125181200,26,125,181200,2908,4
2966,261251456001,261251456001,26125145600,26,125,145600,2904,4
2967,261251340003,261251340003,26125134000,26,125,134000,2905,4
2968,261251501003,261251501003,26125150100,26,125,150100,2906,4
2969,261251500001,261251500001,26125150000,26,125,150000,2906,4
2970,261251502002,261251502002,26125150200,26,125,150200,2906,4
2971,261251502001,261251502001,26125150200,26,125,150200,2906,4
2972,261251752005,261251752005,26125175200,26,125,175200,2908,4
2973,261251416004,261251416004,26125141600,26,125,141600,2904,4
2974,261251416002,261251416002,26125141600,26,125,141600,2904,4
2975,261251265001,261251265001,26125126500,26,125,126500,2901,4
2976,261251300002,261251300002,26125130000,26,125,130000,2901,4
3046,261251842002,261251842002,26125184200,26,125,184200,2908,4
3047,261251702003,261251702003,26125170200,26,125,170200,2908,4
3048,261251702002,261251702002,26125170200,26,125,170200,2908,4
3049,261251703001,261251703001,26125170300,26,125,170300,2908,4
3050,261251704002,261251704002,26125170400,26,125,170400,2908,4
3051,261251532001,261251532001,26125153200,26,125,153200,2906,4
3052,261251732002,261251732002,26125173200,26,125,173200,2908,4
3053,261251603001,261251603001,26125160300,26,125,160300,2907,4
3054,261251836001,261251836001,26125183600,26,125,183600,2908,4
3055,261251968002,261251968002,26125196800,26,125,196800,2903,4
3056,261251330011,261251330011,26125133001,26,125,133001,2905,4
3057,261251582003,261251582003,26125158200,26,125,158200,2906,4
3058,261251527001,261251527001,26125152700,26,125,152700,2906,4
3059,261251734003,261251734003,26125173400,26,125,173400,2908,4
3060,261251413003,261251413003,26125141300,26,125,141300,2904,4
3061,261251414002,261251414002,26125141400,26,125,141400,2904,4
3066,261251263001,261251263001,26125126300,26,125,126300,2901,4
3067,261251970001,261251970001,26125197000,26,125,197000,2903,4
3068,261251503002,261251503002,26125150300,26,125,150300,2906,4
3069,261251503003,261251503003,26125150300,26,125,150300,2906,4
3070,261251394001,261251394001,26125139400,26,125,139400,2901,4
3071,261251505003,261251505003,26125150500,26,125,150500,2906,4
3072,261251907002,261251907002,26125190700,26,125,190700,2902,4
3073,261251545001,261251545001,26125154500,26,125,154500,2906,4
3074,261251300001,261251300001,26125130000,26,125,130000,2901,4
3075,261251276001,261251276001,26125127600,26,125,127600,2902,4
3076,261251970002,261251970002,26125197000,26,125,197000,2903,4
3077,261251678003,261251678003,26125167800,26,125,167800,2907,4
3078,261251974002,261251974002,26125197400,26,125,197400,2903,4
3079,261251507004,261251507004,26125150700,26,125,150700,2906,4
3080,261251313003,261251313003,26125131300,26,125,131300,2901,4
3081,261251280001,261251280001,26125128000,26,125,128000,2902,4
3082,261251830003,261251830003,26125183000,26,125,183000,2908,4
3094,261251711002,261251711002,26125171100,26,125,171100,2908,4
3095,261251508003,261251508003,26125150800,26,125,150800,2906,4
3096,261251508004,261251508004,26125150800,26,125,150800,2906,4
3097,261251880003,261251880003,26125188000,26,125,188000,2908,4
3098,261251423001,261251423001,26125142300,26,125,142300,2904,4
3099,261251410001,261251410001,26125141000,26,125,141000,2904,4
3100,261251441003,261251441003,26125144100,26,125,144100,2904,4
3101,261251910002,261251910002,26125191000,26,125,191000,2903,4
3102,261251689001,261251689001,26125168900,26,125,168900,2907,4
3119,261251802002,261251802002,26125180200,26,125,180200,2908,4
3120,261251600002,261251600002,26125160000,26,125,160000,2907,4
3121,261251600001,261251600001,26125160000,26,125,160000,2907,4
3122,261251937003,261251937003,26125193700,26,125,193700,2903,4
3123,261251349001,261251349001,26125134900,26,125,134900,2905,4
3124,261251500004,261251500004,26125150000,26,125,150000,2906,4
3125,261251449001,261251449001,26125144900,26,125,144900,2904,4
3126,261251753001,261251753001,26125175300,26,125,175300,2908,4
3127,261251750004,261251750004,26125175000,26,125,175000,2908,4
3128,261251750001,261251750001,26125175000,26,125,175000,2908,4
3129,261251751004,261251751004,26125175100,26,125,175100,2908,4
3130,261251752002,261251752002,26125175200,26,125,175200,2908,4
3131,261251529002,261251529002,26125152900,26,125,152900,2906,4
3132,261251811001,261251811001,26125181100,26,125,181100,2908,4
3133,261251843002,261251843002,26125184300,26,125,184300,2908,4
3134,261251452001,261251452001,26125145200,26,125,145200,2904,4
3135,261251453001,261251453001,26125145300,26,125,145300,2904,4
3136,261251650002,261251650002,26125165000,26,125,165000,2907,4
3137,261251813004,261251813004,26125181300,26,125,181300,2908,4
3138,261251935001,261251935001,26125193500,26,125,193500,2903,4
3139,261251815001,261251815001,26125181500,26,125,181500,2908,4
3140,261251815002,261251815002,26125181500,26,125,181500,2908,4
3141,261251933003,261251933003,26125193300,26,125,193300,2903,4
3142,261251282001,261251282001,26125128200,26,125,128200,2902,4
3143,261251256002,261251256002,26125125600,26,125,125600,2901,4
3144,261251360002,261251360002,26125136000,26,125,136000,2905,4
3145,261251652001,261251652001,26125165200,26,125,165200,2907,4
3146,261251913002,261251913002,26125191300,26,125,191300,2903,4
3147,261251912003,261251912003,26125191200,26,125,191200,2903,4
3148,261251271004,261251271004,26125127100,26,125,127100,2902,4
3149,261251933002,261251933002,26125193300,26,125,193300,2903,4
3150,261251453003,261251453003,26125145300,26,125,145300,2904,4
3151,261251560003,261251560003,26125156000,26,125,156000,2906,4
3152,261251541001,261251541001,26125154100,26,125,154100,2906,4
3153,261251816001,261251816001,26125181600,26,125,181600,2908,4
3159,261251443004,261251443004,26125144300,26,125,144300,2904,4
3160,261251445002,261251445002,26125144500,26,125,144500,2904,4
3161,261251224002,261251224002,26125122400,26,125,122400,2902,4
3162,261251272002,261251272002,26125127200,26,125,127200,2902,4
3163,261251277002,261251277002,26125127700,26,125,127700,2902,4
3164,261251274002,261251274002,26125127400,26,125,127400,2902,4
3165,261251922001,261251922001,26125192200,26,125,192200,2903,4
3166,261251924003,261251924003,26125192400,26,125,192400,2903,4
3167,261251222001,261251222001,26125122200,26,125,122200,2902,4
3168,261251270001,261251270001,26125127000,26,125,127000,2902,4
3169,261251426003,261251426003,26125142600,26,125,142600,2904,4
3170,261251908001,261251908001,26125190800,26,125,190800,2902,4
3171,261251302002,261251302002,26125130200,26,125,130200,2901,4
3172,261251410003,261251410003,26125141000,26,125,141000,2904,4
3173,261251675004,261251675004,26125167500,26,125,167500,2907,4
3174,261251367004,261251367004,26125136700,26,125,136700,2905,4
3175,261251442003,261251442003,26125144200,26,125,144200,2904,4
3176,261251520003,261251520003,26125152000,26,125,152000,2906,4
3177,261251941001,261251941001,26125194100,26,125,194100,2903,4
3178,261251920003,261251920003,26125192000,26,125,192000,2903,4
3179,261251321001,261251321001,26125132100,26,125,132100,2901,4
3180,261251685002,261251685002,26125168500,26,125,168500,2907,4
3181,261251363003,261251363003,26125136300,26,125,136300,2905,4
3195,261251275003,261251275003,26125127500,26,125,127500,2902,4
3196,261251289003,261251289003,26125128900,26,125,128900,2902,4
3197,261251611001,261251611001,26125161100,26,125,161100,2907,4
3198,261259810001,261259810001,26125981000,26,125,981000,2901,4
3199,261251378001,261251378001,26125137800,26,125,137800,2905,4
3200,261251361021,261251361021,26125136102,26,125,136102,2905,4
3201,261251250002,261251250002,26125125000,26,125,125000,2901,4
3202,261251830002,261251830002,26125183000,26,125,183000,2908,4
3203,261251838001,261251838001,26125183800,26,125,183800,2908,4
3204,261251407001,261251407001,26125140700,26,125,140700,2904,4
3205,261251961002,261251961002,26125196100,26,125,196100,2903,4
3206,261251562003,261251562003,26125156200,26,125,156200,2906,4
3207,261251562005,261251562005,26125156200,26,125,156200,2906,4
3208,261251686002,261251686002,26125168600,26,125,168600,2907,4
3209,261251667001,261251667001,26125166700,26,125,166700,2907,4
3210,261251403022,261251403022,26125140302,26,125,140302,2904,4
3211,261251459001,261251459001,26125145900,26,125,145900,2904,4
3212,261251374002,261251374002,26125137400,26,125,137400,2905,4
3213,261251417002,261251417002,26125141700,26,125,141700,2904,4
3214,261251623001,261251623001,26125162300,26,125,162300,2907,4
3215,261251532002,261251532002,26125153200,26,125,153200,2906,4
3216,261251410002,261251410002,26125141000,26,125,141000,2904,4
3217,261251351002,261251351002,26125135100,26,125,135100,2905,4
3218,261251275001,261251275001,26125127500,26,125,127500,2902,4
3219,261251413004,261251413004,26125141300,26,125,141300,2904,4
3220,261251215001,261251215001,26125121500,26,125,121500,2902,4
3221,261251837003,261251837003,26125183700,26,125,183700,2908,4
3222,261251383012,261251383012,26125138301,26,125,138301,2901,4
3223,261251968003,261251968003,26125196800,26,125,196800,2903,4
3224,261251452002,261251452002,26125145200,26,125,145200,2904,4
3225,261251974001,261251974001,26125197400,26,125,197400,2903,4
3226,261251674001,261251674001,26125167400,26,125,167400,2907,4
3227,261251625003,261251625003,26125162500,26,125,162500,2907,4
3228,261251580001,261251580001,26125158000,26,125,158000,2906,4
3229,261251546001,261251546001,26125154600,26,125,154600,2906,4
3230,261251650003,261251650003,26125165000,26,125,165000,2907,4
3231,261251230002,261251230002,26125123000,26,125,123000,2901,4
3232,261251413002,261251413002,26125141300,26,125,141300,2904,4
3233,261251318001,261251318001,26125131800,26,125,131800,2901,4
3234,261251415004,261251415004,26125141500,26,125,141500,2904,4
3235,261251217001,261251217001,26125121700,26,125,121700,2902,4
3267,261251603003,261251603003,26125160300,26,125,160300,2907,4
3268,261251604001,261251604001,26125160400,26,125,160400,2907,4
3269,261251976001,261251976001,26125197600,26,125,197600,2903,4
3270,261251394002,261251394002,26125139400,26,125,139400,2901,4
3271,261251509001,261251509001,26125150900,26,125,150900,2906,4
3272,261251531001,261251531001,26125153100,26,125,153100,2906,4
3273,261251245002,261251245002,26125124500,26,125,124500,2901,4
3295,261251751003,261251751003,26125175100,26,125,175100,2908,4
3296,261251751002,261251751002,26125175100,26,125,175100,2908,4
3297,261251751005,261251751005,26125175100,26,125,175100,2908,4
3298,261251752001,261251752001,26125175200,26,125,175200,2908,4
3299,261251417004,261251417004,26125141700,26,125,141700,2904,4
3333,261251529003,261251529003,26125152900,26,125,152900,2906,4
3334,261251622002,261251622002,26125162200,26,125,162200,2907,4
3335,261251977011,261251977011,26125197701,26,125,197701,2903,4
3336,261251967001,261251967001,26125196700,26,125,196700,2903,4
3337,261251753002,261251753002,26125175300,26,125,175300,2908,4
3338,261251716002,261251716002,26125171600,26,125,171600,2908,4
3339,261251973001,261251973001,26125197300,26,125,197300,2903,4
3340,261251392001,261251392001,26125139200,26,125,139200,2901,4
3341,261251277003,261251277003,26125127700,26,125,127700,2902,4
3342,261251611003,261251611003,26125161100,26,125,161100,2907,4
3343,261251441001,261251441001,26125144100,26,125,144100,2904,4
3344,261251509003,261251509003,26125150900,26,125,150900,2906,4
3345,261251427002,261251427002,26125142700,26,125,142700,2904,4
3346,261251572002,261251572002,26125157200,26,125,157200,2906,4
3347,261251834001,261251834001,26125183400,26,125,183400,2908,4
3348,261251366003,261251366003,26125136600,26,125,136600,2905,4
3349,261251713002,261251713002,26125171300,26,125,171300,2908,4
3350,261251837002,261251837002,26125183700,26,125,183700,2908,4
3351,261251840003,261251840003,26125184000,26,125,184000,2908,4
3380,261251527003,261251527003,26125152700,26,125,152700,2906,4
3381,261251605001,261251605001,26125160500,26,125,160500,2907,4
3382,261251750003,261251750003,26125175000,26,125,175000,2908,4
3443,261251455022,261251455022,26125145502,26,125,145502,2904,4
3452,261251302004,261251302004,26125130200,26,125,130200,2901,4
3453,261251613004,261251613004,26125161300,26,125,161300,2907,4
3454,261251570002,261251570002,26125157000,26,125,157000,2906,4
3455,261251305002,261251305002,26125130500,26,125,130500,2901,4
3456,261251281002,261251281002,26125128100,26,125,128100,2902,4
3457,261251349002,261251349002,26125134900,26,125,134900,2905,4
3458,261251403023,261251403023,26125140302,26,125,140302,2904,4
3459,261251961001,261251961001,26125196100,26,125,196100,2903,4
3474,261251581002,261251581002,26125158100,26,125,158100,2906,4
3475,261251684001,261251684001,26125168400,26,125,168400,2907,4
3476,261251590002,261251590002,26125159000,26,125,159000,2906,4
3477,261251500002,261251500002,26125150000,26,125,150000,2906,4
3478,261251501002,261251501002,26125150100,26,125,150100,2906,4
3479,261251230001,261251230001,26125123000,26,125,123000,2901,4
3480,261251752003,261251752003,26125175200,26,125,175200,2908,4
3481,261251415001,261251415001,26125141500,26,125,141500,2904,4
3482,261251416001,261251416001,26125141600,26,125,141600,2904,4
3483,261251880002,261251880002,26125188000,26,125,188000,2908,4
3484,261251962001,261251962001,26125196200,26,125,196200,2903,4
3485,261251963002,261251963002,26125196300,26,125,196300,2903,4
3486,261251503001,261251503001,26125150300,26,125,150300,2906,4
3487,261251504002,261251504002,26125150400,26,125,150400,2906,4
3488,261251409002,261251409002,26125140900,26,125,140900,2904,4
3489,261251912002,261251912002,26125191200,26,125,191200,2903,4
3490,261251972002,261251972002,26125197200,26,125,197200,2903,4
3491,261251304001,261251304001,26125130400,26,125,130400,2901,4
3492,261251276002,261251276002,26125127600,26,125,127600,2902,4
3493,261251271003,261251271003,26125127100,26,125,127100,2902,4
3494,261251617001,261251617001,26125161700,26,125,161700,2907,4
3495,261251617002,261251617002,26125161700,26,125,161700,2907,4
3496,261251616001,261251616001,26125161600,26,125,161600,2907,4
3497,261251307002,261251307002,26125130700,26,125,130700,2901,4
3498,261251673002,261251673002,26125167300,26,125,167300,2907,4
3517,261251675002,261251675002,26125167500,26,125,167500,2907,4
3518,261251283001,261251283001,26125128300,26,125,128300,2902,4
3519,261251606002,261251606002,26125160600,26,125,160600,2907,4
3520,261251625002,261251625002,26125162500,26,125,162500,2907,4
3521,261251286002,261251286002,26125128600,26,125,128600,2902,4
3522,261251973002,261251973002,26125197300,26,125,197300,2903,4
3523,261251981002,261251981002,26125198100,26,125,198100,2903,4
3524,261251562002,261251562002,26125156200,26,125,156200,2906,4
3539,261251724001,261251724001,26125172400,26,125,172400,2908,4
3540,261251927001,261251927001,26125192700,26,125,192700,2903,4
3541,261251600005,261251600005,26125160000,26,125,160000,2907,4
3542,261251321004,261251321004,26125132100,26,125,132100,2901,4
3581,261251318002,261251318002,26125131800,26,125,131800,2901,4
3582,261251603002,261251603002,26125160300,26,125,160300,2907,4
3583,261251846001,261251846001,26125184600,26,125,184600,2908,4
3584,261251217004,261251217004,26125121700,26,125,121700,2902,4
3585,261251801002,261251801002,26125180100,26,125,180100,2908,4
3586,261251803001,261251803001,26125180300,26,125,180300,2908,4
3587,261251542002,261251542002,26125154200,26,125,154200,2906,4
3588,261251905001,261251905001,26125190500,26,125,190500,2902,4
3589,261251575002,261251575002,26125157500,26,125,157500,2906,4
3590,261251203002,261251203002,26125120300,26,125,120300,2902,4
3591,261251326002,261251326002,26125132600,26,125,132600,2901,4
3592,261251880001,261251880001,26125188000,26,125,188000,2908,4
3593,261251456002,261251456002,26125145600,26,125,145600,2904,4
3606,261251427001,261251427001,26125142700,26,125,142700,2904,4
3607,261251441002,261251441002,26125144100,26,125,144100,2904,4
3608,261251275002,261251275002,26125127500,26,125,127500,2902,4
3610,261251975003,261251975003,26125197500,26,125,197500,2903,4
3611,261251688001,261251688001,26125168800,26,125,168800,2907,4
3612,261251687003,261251687003,26125168700,26,125,168700,2907,4
3632,261251977021,261251977021,26125197702,26,125,197702,2903,4
3633,261251506002,261251506002,26125150600,26,125,150600,2906,4
3634,261251508002,261251508002,26125150800,26,125,150800,2906,4
3635,261251311001,261251311001,26125131100,26,125,131100,2901,4
3636,261251409003,261251409003,26125140900,26,125,140900,2904,4
3637,261251289002,261251289002,26125128900,26,125,128900,2902,4
3638,261251907001,261251907001,26125190700,26,125,190700,2902,4
3639,261251832001,261251832001,26125183200,26,125,183200,2908,4
3640,261251435003,261251435003,26125143500,26,125,143500,2904,4
3641,261251435004,261251435004,26125143500,26,125,143500,2904,4
3642,261251509002,261251509002,26125150900,26,125,150900,2906,4
3643,261251245003,261251245003,26125124500,26,125,124500,2901,4
3644,261251426001,261251426001,26125142600,26,125,142600,2904,4
3645,261251455021,261251455021,26125145502,26,125,145502,2904,4
3646,261251352001,261251352001,26125135200,26,125,135200,2905,4
3647,261251340002,261251340002,26125134000,26,125,134000,2905,4
3648,261251454001,261251454001,26125145400,26,125,145400,2904,4
3649,261251667002,261251667002,26125166700,26,125,166700,2907,4
3650,261251265002,261251265002,26125126500,26,125,126500,2901,4
3651,261251835002,261251835002,26125183500,26,125,183500,2908,4
3652,261251837004,261251837004,26125183700,26,125,183700,2908,4
3653,261251289001,261251289001,26125128900,26,125,128900,2902,4
3654,261251374001,261251374001,26125137400,26,125,137400,2905,4
3655,261251569001,261251569001,26125156900,26,125,156900,2906,4
3656,261251569002,261251569002,26125156900,26,125,156900,2906,4
3657,261251392004,261251392004,26125139200,26,125,139200,2901,4
3658,261251263004,261251263004,26125126300,26,125,126300,2901,4
3659,261251277004,261251277004,26125127700,26,125,127700,2902,4
3660,261251607001,261251607001,26125160700,26,125,160700,2907,4
3661,261251613003,261251613003,26125161300,26,125,161300,2907,4
3662,261251670002,261251670002,26125167000,26,125,167000,2907,4
3663,261251841002,261251841002,26125184100,26,125,184100,2908,4
3664,261251844003,261251844003,26125184400,26,125,184400,2908,4
3665,261251912004,261251912004,26125191200,26,125,191200,2903,4
3666,261251751007,261251751007,26125175100,26,125,175100,2908,4
3667,261251674004,261251674004,26125167400,26,125,167400,2907,4
3668,261251675003,261251675003,26125167500,26,125,167500,2907,4
3669,261251965002,261251965002,26125196500,26,125,196500,2903,4
3670,261251870002,261251870002,26125187000,26,125,187000,2908,4
3689,261251977013,261251977013,26125197701,26,125,197701,2903,4
3690,261251943001,261251943001,26125194300,26,125,194300,2903,4
3691,261251940003,261251940003,26125194000,26,125,194000,2903,4
3692,261251330031,261251330031,26125133003,26,125,133003,2905,4
3693,261251845002,261251845002,26125184500,26,125,184500,2908,4
3694,261251451002,261251451002,26125145100,26,125,145100,2904,4
3695,261251451001,261251451001,26125145100,26,125,145100,2904,4
3705,261251304002,261251304002,26125130400,26,125,130400,2901,4
3706,261251673001,261251673001,26125167300,26,125,167300,2907,4
3707,261251510004,261251510004,26125151000,26,125,151000,2906,4
3708,261251510001,261251510001,26125151000,26,125,151000,2906,4
3709,261251270002,261251270002,26125127000,26,125,127000,2902,4
3710,261251271001,261251271001,26125127100,26,125,127100,2902,4
3711,261251679002,261251679002,26125167900,26,125,167900,2907,4
3712,261251351001,261251351001,26125135100,26,125,135100,2905,4
3713,261251353001,261251353001,26125135300,26,125,135300,2905,4
3714,261251685001,261251685001,26125168500,26,125,168500,2907,4
3715,261251689004,261251689004,26125168900,26,125,168900,2907,4
3716,261251687001,261251687001,26125168700,26,125,168700,2907,4
3745,261251661001,261251661001,26125166100,26,125,166100,2907,4
3746,261251361012,261251361012,26125136101,26,125,136101,2905,4
3747,261251377001,261251377001,26125137700,26,125,137700,2905,4
3748,261251250001,261251250001,26125125000,26,125,125000,2901,4
3749,261251287001,261251287001,26125128700,26,125,128700,2902,4
3750,261251349004,261251349004,26125134900,26,125,134900,2905,4
3751,261251961004,261251961004,26125196100,26,125,196100,2903,4
3752,261251345002,261251345002,26125134500,26,125,134500,2905,4
3753,261251562001,261251562001,26125156200,26,125,156200,2906,4
3754,261251564002,261251564002,26125156400,26,125,156400,2906,4
3755,261251563003,261251563003,26125156300,26,125,156300,2906,4
3756,261251665001,261251665001,26125166500,26,125,166500,2907,4
3757,261251836004,261251836004,26125183600,26,125,183600,2908,4
3758,261251837005,261251837005,26125183700,26,125,183700,2908,4
3760,261251561002,261251561002,26125156100,26,125,156100,2906,4
3761,261251902002,261251902002,26125190200,26,125,190200,2902,4
3762,261251933001,261251933001,26125193300,26,125,193300,2903,4
3763,261251813003,261251813003,26125181300,26,125,181300,2908,4
3764,261251944001,261251944001,26125194400,26,125,194400,2903,4
3765,261251348001,261251348001,26125134800,26,125,134800,2905,4
3766,261251368001,261251368001,26125136800,26,125,136800,2905,4
3767,261251831003,261251831003,26125183100,26,125,183100,2908,4
3768,261251560001,261251560001,26125156000,26,125,156000,2906,4
3769,261251652003,261251652003,26125165200,26,125,165200,2907,4
3770,261251366002,261251366002,26125136600,26,125,136600,2905,4
3771,261251363002,261251363002,26125136300,26,125,136300,2905,4
3772,261251563002,261251563002,26125156300,26,125,156300,2906,4
3773,261251577001,261251577001,26125157700,26,125,157700,2906,4
3774,261251669003,261251669003,26125166900,26,125,166900,2907,4
3775,261251710001,261251710001,26125171000,26,125,171000,2908,4
3776,261251710003,261251710003,26125171000,26,125,171000,2908,4
3777,261251839003,261251839003,26125183900,26,125,183900,2908,4
3795,261251946003,261251946003,26125194600,26,125,194600,2903,4
3796,261251660003,261251660003,26125166000,26,125,166000,2907,4
3797,261251284001,261251284001,26125128400,26,125,128400,2902,4
3798,261251284003,261251284003,26125128400,26,125,128400,2902,4
3799,261251580002,261251580002,26125158000,26,125,158000,2906,4
3800,261251200002,261251200002,26125120000,26,125,120000,2902,4
3801,261251412001,261251412001,26125141200,26,125,141200,2904,4
3802,261251457001,261251457001,26125145700,26,125,145700,2904,4
3803,261251457002,261251457002,26125145700,26,125,145700,2904,4
3804,261251386001,261251386001,26125138600,26,125,138600,2901,4
3805,261251421001,261251421001,26125142100,26,125,142100,2904,4
3806,261251424003,261251424003,26125142400,26,125,142400,2904,4
3807,261251623002,261251623002,26125162300,26,125,162300,2907,4
3808,261251623003,261251623003,26125162300,26,125,162300,2907,4
3809,261251623004,261251623004,26125162300,26,125,162300,2907,4
3832,261251576001,261251576001,26125157600,26,125,157600,2906,4
3833,261251668001,261251668001,26125166800,26,125,166800,2907,4
3834,261251669002,261251669002,26125166900,26,125,166900,2907,4
3858,261251837001,261251837001,26125183700,26,125,183700,2908,4
3859,261251960002,261251960002,26125196000,26,125,196000,2903,4
3860,261251612001,261251612001,26125161200,26,125,161200,2907,4
3861,261251613001,261251613001,26125161300,26,125,161300,2907,4
3862,261251842003,261251842003,26125184200,26,125,184200,2908,4
3863,261251403012,261251403012,26125140301,26,125,140301,2904,4
3864,261251403013,261251403013,26125140301,26,125,140301,2904,4
3865,261251730004,261251730004,26125173000,26,125,173000,2908,4
3866,261251846002,261251846002,26125184600,26,125,184600,2908,4
3867,261251605004,261251605004,26125160500,26,125,160500,2907,4
3868,261251408003,261251408003,26125140800,26,125,140800,2904,4
3869,261251361011,261251361011,26125136101,26,125,136101,2905,4
3870,261251701002,261251701002,26125170100,26,125,170100,2908,4
3871,261251422003,261251422003,26125142200,26,125,142200,2904,4
3874,261251650001,261251650001,26125165000,26,125,165000,2907,4
3875,261251651002,261251651002,26125165100,26,125,165100,2907,4
3876,261251942001,261251942001,26125194200,26,125,194200,2903,4
3877,261251453004,261251453004,26125145300,26,125,145300,2904,4
3878,261251652002,261251652002,26125165200,26,125,165200,2907,4
3879,261251662002,261251662002,26125166200,26,125,166200,2907,4
3880,261251344004,261251344004,26125134400,26,125,134400,2905,4
3881,261251361023,261251361023,26125136102,26,125,136102,2905,4
3882,261251681001,261251681001,26125168100,26,125,168100,2907,4
3883,261251833002,261251833002,26125183300,26,125,183300,2908,4
3884,261251835001,261251835001,26125183500,26,125,183500,2908,4
3885,261251836003,261251836003,26125183600,26,125,183600,2908,4
3886,261251689002,261251689002,26125168900,26,125,168900,2907,4
3887,261251277001,261251277001,26125127700,26,125,127700,2902,4
3888,261251839001,261251839001,26125183900,26,125,183900,2908,4
3889,261251263003,261251263003,26125126300,26,125,126300,2901,4
3890,261251318004,261251318004,26125131800,26,125,131800,2901,4
3891,261251611002,261251611002,26125161100,26,125,161100,2907,4
3892,261251609001,261251609001,26125160900,26,125,160900,2907,4
3893,261251571002,261251571002,26125157100,26,125,157100,2906,4
3894,261251571001,261251571001,26125157100,26,125,157100,2906,4
3895,261251302001,261251302001,26125130200,26,125,130200,2901,4
3896,261251285002,261251285002,26125128500,26,125,128500,2902,4
3897,261251280002,261251280002,26125128000,26,125,128000,2902,4
3898,261251281003,261251281003,26125128100,26,125,128100,2902,4
3899,261251288001,261251288001,26125128800,26,125,128800,2902,4
3900,261251928001,261251928001,26125192800,26,125,192800,2904,4
3901,261251618002,261251618002,26125161800,26,125,161800,2907,4
3902,261251688002,261251688002,26125168800,26,125,168800,2907,4
3924,261251670001,261251670001,26125167000,26,125,167000,2907,4
3925,261251712003,261251712003,26125171200,26,125,171200,2908,4
3926,261251925002,261251925002,26125192500,26,125,192500,2903,4
3985,261251968001,261251968001,26125196800,26,125,196800,2903,4
3986,261251840002,261251840002,26125184000,26,125,184000,2908,4
3987,261251801003,261251801003,26125180100,26,125,180100,2908,4
3988,261251413001,261251413001,26125141300,26,125,141300,2904,4
3991,261251624002,261251624002,26125162400,26,125,162400,2907,4
3992,261251290002,261251290002,26125129000,26,125,129000,2902,4
3993,261251215004,261251215004,26125121500,26,125,121500,2902,4
3994,261251965001,261251965001,26125196500,26,125,196500,2903,4
3995,261251423002,261251423002,26125142300,26,125,142300,2904,4
3996,261251590004,261251590004,26125159000,26,125,159000,2906,4
3997,261251734004,261251734004,26125173400,26,125,173400,2908,4
3998,261251414003,261251414003,26125141400,26,125,141400,2904,4
3999,261251217002,261251217002,26125121700,26,125,121700,2902,4
4000,261251286001,261251286001,26125128600,26,125,128600,2902,4
